table,lhs,rhs,empty,g3
adult.csv,age,workclass,False,0.6973987285402783
adult.csv,age,marital-status,False,0.623414514296244
adult.csv,age,relationship,False,0.5060041153527226
adult.csv,age,race,False,0.8542735173981143
adult.csv,age,sex,False,0.6692362028193237
adult.csv,age,capital-gain,False,0.9167101747489328
adult.csv,age,capital-loss,False,0.9533490986149074
adult.csv,age,native-country,False,0.895857006848684
adult.csv,age,outcome,False,0.7591904425539756
adult.csv,workclass,race,False,0.8542735173981143
adult.csv,workclass,sex,False,0.6692054912318417
adult.csv,workclass,capital-gain,False,0.9167101747489328
adult.csv,workclass,capital-loss,False,0.9533490986149074
adult.csv,workclass,native-country,False,0.895857006848684
adult.csv,workclass,outcome,False,0.7631215257516661
adult.csv,fnlwgt,age,False,0.7556586099935505
adult.csv,fnlwgt,workclass,False,0.8677866158901754
adult.csv,fnlwgt,education,False,0.7668376278369828
adult.csv,fnlwgt,education-num,False,0.7668376278369828
adult.csv,fnlwgt,marital-status,False,0.8689536562144897
adult.csv,fnlwgt,occupation,False,0.733914806056325
adult.csv,fnlwgt,relationship,False,0.8520622830994133
adult.csv,fnlwgt,race,False,0.9898037529559904
adult.csv,fnlwgt,sex,False,0.9873468259574336
adult.csv,fnlwgt,capital-gain,False,0.9553146402137528
adult.csv,fnlwgt,capital-loss,False,0.9733116304781794
adult.csv,fnlwgt,hours-per-week,False,0.7764196431313535
adult.csv,fnlwgt,native-country,False,0.9587850495992136
adult.csv,fnlwgt,outcome,False,0.9056540032554284
adult.csv,education,workclass,False,0.6970301894904948
adult.csv,education,education-num,False,1.0
adult.csv,education,race,False,0.8542735173981143
adult.csv,education,sex,False,0.6692054912318417
adult.csv,education,capital-gain,False,0.9167101747489328
adult.csv,education,capital-loss,False,0.9533490986149074
adult.csv,education,native-country,False,0.8979761063849391
adult.csv,education,outcome,False,0.7795829366419951
adult.csv,education-num,workclass,False,0.6970301894904948
adult.csv,education-num,education,False,1.0
adult.csv,education-num,race,False,0.8542735173981143
adult.csv,education-num,sex,False,0.6692054912318417
adult.csv,education-num,capital-gain,False,0.9167101747489328
adult.csv,education-num,capital-loss,False,0.9533490986149074
adult.csv,education-num,native-country,False,0.8979761063849391
adult.csv,education-num,outcome,False,0.7795829366419951
adult.csv,marital-status,workclass,False,0.6970301894904948
adult.csv,marital-status,relationship,False,0.6607598046743036
adult.csv,marital-status,race,False,0.8542735173981143
adult.csv,marital-status,sex,False,0.7244863486993642
adult.csv,marital-status,capital-gain,False,0.9167101747489328
adult.csv,marital-status,capital-loss,False,0.9533490986149074
adult.csv,marital-status,native-country,False,0.895857006848684
adult.csv,marital-status,outcome,False,0.7591904425539756
adult.csv,occupation,workclass,False,0.7571941893676484
adult.csv,occupation,marital-status,False,0.5195172138447837
adult.csv,occupation,race,False,0.8542735173981143
adult.csv,occupation,sex,False,0.7227050766254108
adult.csv,occupation,capital-gain,False,0.9167101747489328
adult.csv,occupation,capital-loss,False,0.9533490986149074
adult.csv,occupation,native-country,False,0.895857006848684
adult.csv,occupation,outcome,False,0.7591904425539756
adult.csv,relationship,workclass,False,0.6970301894904948
adult.csv,relationship,marital-status,False,0.8028930315408004
adult.csv,relationship,race,False,0.8542735173981143
adult.csv,relationship,sex,False,0.7744233899450262
adult.csv,relationship,capital-gain,False,0.9167101747489328
adult.csv,relationship,capital-loss,False,0.9533490986149074
adult.csv,relationship,native-country,False,0.895857006848684
adult.csv,relationship,outcome,False,0.7591904425539756
adult.csv,race,workclass,False,0.6970301894904948
adult.csv,race,sex,False,0.6692054912318417
adult.csv,race,capital-gain,False,0.9167101747489328
adult.csv,race,capital-loss,False,0.9533490986149074
adult.csv,race,native-country,False,0.895857006848684
adult.csv,race,outcome,False,0.7591904425539756
adult.csv,sex,workclass,False,0.6970301894904948
adult.csv,sex,marital-status,False,0.5554497711986732
adult.csv,sex,relationship,False,0.5241546635545591
adult.csv,sex,race,False,0.8542735173981143
adult.csv,sex,capital-gain,False,0.9167101747489328
adult.csv,sex,capital-loss,False,0.9533490986149074
adult.csv,sex,native-country,False,0.895857006848684
adult.csv,sex,outcome,False,0.7591904425539756
adult.csv,capital-gain,workclass,False,0.6978901139399896
adult.csv,capital-gain,race,False,0.8543656521605602
adult.csv,capital-gain,sex,False,0.6722766499800374
adult.csv,capital-gain,capital-loss,False,0.9533490986149074
adult.csv,capital-gain,native-country,False,0.895857006848684
adult.csv,capital-gain,outcome,False,0.8101102545990602
adult.csv,capital-loss,workclass,False,0.6978594023525075
adult.csv,capital-loss,race,False,0.8543656521605602
adult.csv,capital-loss,sex,False,0.671877399342772
adult.csv,capital-loss,capital-gain,False,0.9167101747489328
adult.csv,capital-loss,native-country,False,0.8959491416111298
adult.csv,capital-loss,outcome,False,0.7812106507785388
adult.csv,hours-per-week,workclass,False,0.6981358066398452
adult.csv,hours-per-week,marital-status,False,0.5141426860354412
adult.csv,hours-per-week,race,False,0.8542735173981143
adult.csv,hours-per-week,sex,False,0.6871717699087866
adult.csv,hours-per-week,capital-gain,False,0.9167101747489328
adult.csv,hours-per-week,capital-loss,False,0.9533490986149074
adult.csv,hours-per-week,native-country,False,0.895857006848684
adult.csv,hours-per-week,outcome,False,0.7593440004913854
adult.csv,native-country,workclass,False,0.6970301894904948
adult.csv,native-country,race,False,0.876570129910015
adult.csv,native-country,sex,False,0.6696354534565891
adult.csv,native-country,capital-gain,False,0.9167101747489328
adult.csv,native-country,capital-loss,False,0.9533798102023894
adult.csv,native-country,outcome,False,0.7591904425539756
adult.csv,outcome,workclass,False,0.6970301894904948
adult.csv,outcome,marital-status,False,0.518534443045361
adult.csv,outcome,race,False,0.8542735173981143
adult.csv,outcome,sex,False,0.6692054912318417
adult.csv,outcome,capital-gain,False,0.9167101747489328
adult.csv,outcome,capital-loss,False,0.9533490986149074
adult.csv,outcome,native-country,False,0.895857006848684
claims.csv,ClaimNumber,DateReceived,False,1.0
claims.csv,ClaimNumber,IncidentDate,False,1.0
claims.csv,ClaimNumber,AirportCode,False,1.0
claims.csv,ClaimNumber,AirportName,False,1.0
claims.csv,ClaimNumber,AirlineName,False,1.0
claims.csv,ClaimNumber,ClaimType,False,1.0
claims.csv,ClaimNumber,ClaimSite,False,1.0
claims.csv,ClaimNumber,Item,False,1.0
claims.csv,ClaimNumber,ClaimAmount,False,1.0
claims.csv,ClaimNumber,Status,False,1.0
claims.csv,ClaimNumber,CloseAmount,False,1.0
claims.csv,ClaimNumber,Disposition,False,1.0
claims.csv,DateReceived,ClaimType,False,0.602420950273279
claims.csv,DateReceived,ClaimSite,False,0.8030659278056864
claims.csv,IncidentDate,ClaimType,False,0.6019194893349217
claims.csv,IncidentDate,ClaimSite,False,0.8140398636742532
claims.csv,AirportCode,AirportName,False,1.0
claims.csv,AirportCode,ClaimType,False,0.5752578305190071
claims.csv,AirportCode,ClaimSite,False,0.8049649775699044
claims.csv,AirportName,AirportCode,False,1.0
claims.csv,AirportName,ClaimType,False,0.5752578305190071
claims.csv,AirportName,ClaimSite,False,0.8049649775699044
claims.csv,AirlineName,ClaimType,False,0.6054277417913781
claims.csv,AirlineName,ClaimSite,False,0.8490782194485899
claims.csv,ClaimType,ClaimSite,False,0.8099431563870737
claims.csv,ClaimSite,ClaimType,False,0.5896517769223883
claims.csv,Item,ClaimType,False,0.72162309121392
claims.csv,Item,ClaimSite,False,0.8003337916845983
claims.csv,ClaimAmount,ClaimType,False,0.699638324007097
claims.csv,ClaimAmount,ClaimSite,False,0.8420771564062033
claims.csv,ClaimAmount,Status,False,0.6096865187077545
claims.csv,ClaimAmount,CloseAmount,False,0.6343333522372824
claims.csv,ClaimAmount,Disposition,False,0.6514396905186592
claims.csv,Status,ClaimType,False,0.5601107229359437
claims.csv,Status,ClaimSite,False,0.7933559490319377
claims.csv,Status,Disposition,False,0.9998737040311376
claims.csv,CloseAmount,ClaimType,False,0.6676626228445948
claims.csv,CloseAmount,ClaimSite,False,0.8353394264669556
claims.csv,CloseAmount,Status,False,0.816958141720654
claims.csv,CloseAmount,Disposition,False,0.8522509690375006
claims.csv,Disposition,ClaimType,False,0.5546066697795582
claims.csv,Disposition,ClaimSite,False,0.8056249208851656
claims.csv,Disposition,Status,False,0.999207779831682
dblp10k.csv,sameentity,samename,False,0.5
dblp10k.csv,sameentity,p1type,False,0.6329
dblp10k.csv,sameentity,p1series,False,0.5
dblp10k.csv,sameentity,p2type,False,0.6445000000000001
dblp10k.csv,sameentity,p2publisher,False,0.5714285714285714
dblp10k.csv,samename,sameentity,False,0.5
dblp10k.csv,samename,p1type,False,0.6329
dblp10k.csv,samename,p1publisher,False,0.5
dblp10k.csv,samename,p1series,False,0.5
dblp10k.csv,samename,p2type,False,0.6445000000000001
dblp10k.csv,samename,p2series,False,0.6666666666666667
dblp10k.csv,author1,sameentity,False,0.941
dblp10k.csv,author1,samename,False,0.941
dblp10k.csv,author1,author2,False,0.941
dblp10k.csv,author1,key1,False,0.6158
dblp10k.csv,author1,key2,False,0.6215999999999999
dblp10k.csv,author1,p1type,False,0.8759
dblp10k.csv,author1,p1author,False,0.6501
dblp10k.csv,author1,p1title,False,0.6166
dblp10k.csv,author1,p1booktitle,False,0.6902641037662134
dblp10k.csv,author1,p1booktitlefull,False,0.7774677363097314
dblp10k.csv,author1,p1year,False,0.6845
dblp10k.csv,author1,p1journal,False,0.7957198443579767
dblp10k.csv,author1,p1journalfull,False,0.972027972027972
dblp10k.csv,author1,p1publisher,False,0.6875
dblp10k.csv,author1,p1series,False,1.0
dblp10k.csv,author1,p1id,False,0.6158
dblp10k.csv,author1,p1key,False,0.6158
dblp10k.csv,author1,p2type,False,0.8779
dblp10k.csv,author1,p2author,False,0.6488
dblp10k.csv,author1,p2title,False,0.6221
dblp10k.csv,author1,p2booktitle,False,0.6940218226525281
dblp10k.csv,author1,p2booktitlefull,False,0.7720313031643417
dblp10k.csv,author1,p2year,False,0.6817
dblp10k.csv,author1,p2journal,False,0.8129475794901174
dblp10k.csv,author1,p2journalfull,False,0.9595375722543352
dblp10k.csv,author1,p2publisher,False,0.8571428571428572
dblp10k.csv,author1,p2series,False,1.0
dblp10k.csv,author1,p2id,False,0.6215999999999999
dblp10k.csv,author1,p2key,False,0.6215999999999999
dblp10k.csv,author2,sameentity,False,0.9424
dblp10k.csv,author2,samename,False,0.9424
dblp10k.csv,author2,author1,False,0.9424
dblp10k.csv,author2,key1,False,0.6061000000000001
dblp10k.csv,author2,key2,False,0.6351
dblp10k.csv,author2,p1type,False,0.8613999999999999
dblp10k.csv,author2,p1author,False,0.6346
dblp10k.csv,author2,p1title,False,0.6069
dblp10k.csv,author2,p1booktitle,False,0.6879199874980466
dblp10k.csv,author2,p1booktitlefull,False,0.7750261597488664
dblp10k.csv,author2,p1year,False,0.6717
dblp10k.csv,author2,p1journal,False,0.7940522512506949
dblp10k.csv,author2,p1journalfull,False,0.9790209790209792
dblp10k.csv,author2,p1publisher,False,0.6875
dblp10k.csv,author2,p1series,False,1.0
dblp10k.csv,author2,p1id,False,0.6061000000000001
dblp10k.csv,author2,p1key,False,0.6061000000000001
dblp10k.csv,author2,p2type,False,0.8905
dblp10k.csv,author2,p2author,False,0.6675
dblp10k.csv,author2,p2title,False,0.6357999999999999
dblp10k.csv,author2,p2booktitle,False,0.7015521745812202
dblp10k.csv,author2,p2booktitlefull,False,0.7733923103096292
dblp10k.csv,author2,p2year,False,0.6988
dblp10k.csv,author2,p2journal,False,0.8218275565740476
dblp10k.csv,author2,p2journalfull,False,0.9595375722543352
dblp10k.csv,author2,p2publisher,False,0.8571428571428572
dblp10k.csv,author2,p2series,False,1.0
dblp10k.csv,author2,p2id,False,0.6351
dblp10k.csv,author2,p2key,False,0.6351
dblp10k.csv,key1,sameentity,False,0.987
dblp10k.csv,key1,samename,False,0.9867
dblp10k.csv,key1,author1,False,0.997
dblp10k.csv,key1,author2,False,0.9855
dblp10k.csv,key1,key2,False,0.8918
dblp10k.csv,key1,p1type,False,1.0
dblp10k.csv,key1,p1author,False,1.0
dblp10k.csv,key1,p1title,False,1.0
dblp10k.csv,key1,p1booktitle,False,1.0
dblp10k.csv,key1,p1booktitlefull,False,1.0
dblp10k.csv,key1,p1year,False,1.0
dblp10k.csv,key1,p1journal,False,1.0
dblp10k.csv,key1,p1journalfull,False,1.0
dblp10k.csv,key1,p1publisher,False,1.0
dblp10k.csv,key1,p1series,False,1.0
dblp10k.csv,key1,p1id,False,1.0
dblp10k.csv,key1,p1key,False,1.0
dblp10k.csv,key1,p2type,False,0.9629
dblp10k.csv,key1,p2author,False,0.8965
dblp10k.csv,key1,p2title,False,0.8918
dblp10k.csv,key1,p2booktitle,False,0.9117873059781774
dblp10k.csv,key1,p2booktitlefull,False,0.94385845525689
dblp10k.csv,key1,p2year,False,0.9077
dblp10k.csv,key1,p2journal,False,0.9639071899169293
dblp10k.csv,key1,p2journalfull,False,0.9884393063583816
dblp10k.csv,key1,p2publisher,False,1.0
dblp10k.csv,key1,p2series,False,1.0
dblp10k.csv,key1,p2id,False,0.8918
dblp10k.csv,key1,p2key,False,0.8918
dblp10k.csv,key2,sameentity,False,0.9872
dblp10k.csv,key2,samename,False,0.9877
dblp10k.csv,key2,author1,False,0.986
dblp10k.csv,key2,author2,False,0.9977
dblp10k.csv,key2,key1,False,0.8707
dblp10k.csv,key2,p1type,False,0.9518
dblp10k.csv,key2,p1author,False,0.8765000000000001
dblp10k.csv,key2,p1title,False,0.8708
dblp10k.csv,key2,p1booktitle,False,0.9059228004375685
dblp10k.csv,key2,p1booktitlefull,False,0.9455877223578654
dblp10k.csv,key2,p1year,False,0.8887
dblp10k.csv,key2,p1journal,False,0.9485825458588104
dblp10k.csv,key2,p1journalfull,False,1.0
dblp10k.csv,key2,p1publisher,False,1.0
dblp10k.csv,key2,p1series,False,1.0
dblp10k.csv,key2,p1id,False,0.8707
dblp10k.csv,key2,p1key,False,0.8707
dblp10k.csv,key2,p2type,False,1.0
dblp10k.csv,key2,p2author,False,1.0
dblp10k.csv,key2,p2title,False,1.0
dblp10k.csv,key2,p2booktitle,False,1.0
dblp10k.csv,key2,p2booktitlefull,False,1.0
dblp10k.csv,key2,p2year,False,1.0
dblp10k.csv,key2,p2journal,False,1.0
dblp10k.csv,key2,p2journalfull,False,1.0
dblp10k.csv,key2,p2publisher,False,1.0
dblp10k.csv,key2,p2series,False,1.0
dblp10k.csv,key2,p2id,False,1.0
dblp10k.csv,key2,p2key,False,1.0
dblp10k.csv,p1type,sameentity,False,0.5116
dblp10k.csv,p1type,samename,False,0.5055000000000001
dblp10k.csv,p1type,p1publisher,False,0.5
dblp10k.csv,p1type,p1series,False,0.5
dblp10k.csv,p1type,p2type,False,0.6445000000000001
dblp10k.csv,p1type,p2series,False,0.6666666666666667
dblp10k.csv,p1author,sameentity,False,0.9811
dblp10k.csv,p1author,samename,False,0.9807
dblp10k.csv,p1author,author1,False,0.9967
dblp10k.csv,p1author,author2,False,0.9794
dblp10k.csv,p1author,key1,False,0.9541
dblp10k.csv,p1author,key2,False,0.8585
dblp10k.csv,p1author,p1type,False,0.9819
dblp10k.csv,p1author,p1title,False,0.9551
dblp10k.csv,p1author,p1booktitle,False,0.9721831536177528
dblp10k.csv,p1author,p1booktitlefull,False,0.9787234042553192
dblp10k.csv,p1author,p1year,False,0.9657
dblp10k.csv,p1author,p1journal,False,0.980266814897165
dblp10k.csv,p1author,p1journalfull,False,1.0
dblp10k.csv,p1author,p1publisher,False,0.75
dblp10k.csv,p1author,p1series,False,1.0
dblp10k.csv,p1author,p1id,False,0.9541
dblp10k.csv,p1author,p1key,False,0.9541
dblp10k.csv,p1author,p2type,False,0.9519
dblp10k.csv,p1author,p2author,False,0.8672
dblp10k.csv,p1author,p2title,False,0.8585
dblp10k.csv,p1author,p2booktitle,False,0.888427846934071
dblp10k.csv,p1author,p2booktitlefull,False,0.9261653623681524
dblp10k.csv,p1author,p2year,False,0.8796
dblp10k.csv,p1author,p2journal,False,0.946147235749069
dblp10k.csv,p1author,p2journalfull,False,0.9826589595375722
dblp10k.csv,p1author,p2publisher,False,1.0
dblp10k.csv,p1author,p2series,False,1.0
dblp10k.csv,p1author,p2id,False,0.8585
dblp10k.csv,p1author,p2key,False,0.8585
dblp10k.csv,p1title,sameentity,False,0.9865
dblp10k.csv,p1title,samename,False,0.9862
dblp10k.csv,p1title,author1,False,0.996
dblp10k.csv,p1title,author2,False,0.9845
dblp10k.csv,p1title,key1,False,0.9978
dblp10k.csv,p1title,key2,False,0.8898
dblp10k.csv,p1title,p1type,False,0.9991
dblp10k.csv,p1title,p1author,False,0.999
dblp10k.csv,p1title,p1booktitle,False,1.0
dblp10k.csv,p1title,p1booktitlefull,False,1.0
dblp10k.csv,p1title,p1year,False,0.9978
dblp10k.csv,p1title,p1journal,False,0.9974986103390772
dblp10k.csv,p1title,p1journalfull,False,1.0
dblp10k.csv,p1title,p1publisher,False,1.0
dblp10k.csv,p1title,p1series,False,1.0
dblp10k.csv,p1title,p1id,False,0.9978
dblp10k.csv,p1title,p1key,False,0.9978
dblp10k.csv,p1title,p2type,False,0.9621
dblp10k.csv,p1title,p2author,False,0.8945
dblp10k.csv,p1title,p2title,False,0.8898
dblp10k.csv,p1title,p2booktitle,False,0.9105578607653296
dblp10k.csv,p1title,p2booktitlefull,False,0.94385845525689
dblp10k.csv,p1title,p2year,False,0.9064
dblp10k.csv,p1title,p2journal,False,0.961615582927528
dblp10k.csv,p1title,p2journalfull,False,0.9884393063583816
dblp10k.csv,p1title,p2publisher,False,1.0
dblp10k.csv,p1title,p2series,False,1.0
dblp10k.csv,p1title,p2id,False,0.8898
dblp10k.csv,p1title,p2key,False,0.8898
dblp10k.csv,p1booktitle,sameentity,False,0.7460540709485857
dblp10k.csv,p1booktitle,samename,False,0.7426160337552743
dblp10k.csv,p1booktitle,p1type,False,1.0
dblp10k.csv,p1booktitle,p1booktitlefull,False,1.0
dblp10k.csv,p1booktitle,p1year,False,0.5488357555868104
dblp10k.csv,p1booktitle,p1publisher,False,1.0
dblp10k.csv,p1booktitle,p1series,False,1.0
dblp10k.csv,p1booktitle,p2type,False,0.7699640568838881
dblp10k.csv,p1booktitle,p2booktitlefull,False,0.5384615384615384
dblp10k.csv,p1booktitle,p2journal,False,0.5606846473029046
dblp10k.csv,p1booktitle,p2journalfull,False,0.9181818181818182
dblp10k.csv,p1booktitle,p2publisher,False,1.0
dblp10k.csv,p1booktitle,p2series,False,1.0
dblp10k.csv,p1booktitlefull,sameentity,False,0.7125915591210324
dblp10k.csv,p1booktitlefull,samename,False,0.6979420997558423
dblp10k.csv,p1booktitlefull,p1type,False,1.0
dblp10k.csv,p1booktitlefull,p1booktitle,False,0.9989536100453436
dblp10k.csv,p1booktitlefull,p2type,False,0.7478200209277991
dblp10k.csv,p1booktitlefull,p2journalfull,False,0.8775510204081632
dblp10k.csv,p1booktitlefull,p2publisher,False,1.0
dblp10k.csv,p1booktitlefull,p2series,False,1.0
dblp10k.csv,p1year,sameentity,False,0.5345
dblp10k.csv,p1year,samename,False,0.5337000000000001
dblp10k.csv,p1year,p1type,False,0.6386000000000001
dblp10k.csv,p1year,p1publisher,False,1.0
dblp10k.csv,p1year,p1series,False,1.0
dblp10k.csv,p1year,p2type,False,0.6463
dblp10k.csv,p1year,p2publisher,False,0.8571428571428572
dblp10k.csv,p1year,p2series,False,1.0
dblp10k.csv,p1journal,sameentity,False,0.6681489716509172
dblp10k.csv,p1journal,samename,False,0.6784324624791551
dblp10k.csv,p1journal,p1type,False,1.0
dblp10k.csv,p1journal,p1journalfull,False,1.0
dblp10k.csv,p1journal,p1publisher,False,1.0
dblp10k.csv,p1journal,p2type,False,0.6803779877709839
dblp10k.csv,p1journal,p2journalfull,False,0.9047619047619048
dblp10k.csv,p1journal,p2publisher,False,1.0
dblp10k.csv,p1journal,p2series,False,1.0
dblp10k.csv,p1journalfull,sameentity,False,0.7552447552447552
dblp10k.csv,p1journalfull,samename,False,0.7902097902097902
dblp10k.csv,p1journalfull,author1,False,0.5734265734265734
dblp10k.csv,p1journalfull,author2,False,0.5384615384615384
dblp10k.csv,p1journalfull,key1,False,0.5594405594405594
dblp10k.csv,p1journalfull,p1type,False,1.0
dblp10k.csv,p1journalfull,p1author,False,0.5664335664335665
dblp10k.csv,p1journalfull,p1title,False,0.5594405594405594
dblp10k.csv,p1journalfull,p1year,False,0.6293706293706294
dblp10k.csv,p1journalfull,p1journal,False,1.0
dblp10k.csv,p1journalfull,p1id,False,0.5594405594405594
dblp10k.csv,p1journalfull,p1key,False,0.5594405594405594
dblp10k.csv,p1journalfull,p2type,False,0.7972027972027972
dblp10k.csv,p1journalfull,p2booktitle,False,0.5681818181818181
dblp10k.csv,p1journalfull,p2booktitlefull,False,0.7837837837837838
dblp10k.csv,p1journalfull,p2year,False,0.5174825174825175
dblp10k.csv,p1journalfull,p2journal,False,0.7090909090909091
dblp10k.csv,p1journalfull,p2journalfull,False,1.0
dblp10k.csv,p1publisher,sameentity,False,0.875
dblp10k.csv,p1publisher,samename,False,1.0
dblp10k.csv,p1publisher,author1,False,0.875
dblp10k.csv,p1publisher,author2,False,0.875
dblp10k.csv,p1publisher,key1,False,0.5
dblp10k.csv,p1publisher,p1type,False,1.0
dblp10k.csv,p1publisher,p1author,False,0.75
dblp10k.csv,p1publisher,p1title,False,0.5
dblp10k.csv,p1publisher,p1booktitle,False,1.0
dblp10k.csv,p1publisher,p1year,False,0.875
dblp10k.csv,p1publisher,p1journal,False,0.9230769230769232
dblp10k.csv,p1publisher,p1series,False,1.0
dblp10k.csv,p1publisher,p1id,False,0.5
dblp10k.csv,p1publisher,p1key,False,0.5
dblp10k.csv,p1publisher,p2type,False,0.75
dblp10k.csv,p1publisher,p2booktitle,False,0.5833333333333333
dblp10k.csv,p1publisher,p2booktitlefull,False,0.5
dblp10k.csv,p1publisher,p2year,False,0.625
dblp10k.csv,p1publisher,p2journal,False,0.75
dblp10k.csv,p1series,sameentity,False,1.0
dblp10k.csv,p1series,samename,False,1.0
dblp10k.csv,p1series,author1,False,1.0
dblp10k.csv,p1series,author2,False,1.0
dblp10k.csv,p1series,key1,False,1.0
dblp10k.csv,p1series,key2,False,1.0
dblp10k.csv,p1series,p1type,False,1.0
dblp10k.csv,p1series,p1author,False,1.0
dblp10k.csv,p1series,p1title,False,1.0
dblp10k.csv,p1series,p1booktitle,False,1.0
dblp10k.csv,p1series,p1year,False,1.0
dblp10k.csv,p1series,p1publisher,False,1.0
dblp10k.csv,p1series,p1id,False,1.0
dblp10k.csv,p1series,p1key,False,1.0
dblp10k.csv,p1series,p2type,False,1.0
dblp10k.csv,p1series,p2author,False,1.0
dblp10k.csv,p1series,p2title,False,1.0
dblp10k.csv,p1series,p2booktitle,False,1.0
dblp10k.csv,p1series,p2year,False,1.0
dblp10k.csv,p1series,p2id,False,1.0
dblp10k.csv,p1series,p2key,False,1.0
dblp10k.csv,p1id,sameentity,False,0.987
dblp10k.csv,p1id,samename,False,0.9867
dblp10k.csv,p1id,author1,False,0.997
dblp10k.csv,p1id,author2,False,0.9855
dblp10k.csv,p1id,key1,False,1.0
dblp10k.csv,p1id,key2,False,0.8918
dblp10k.csv,p1id,p1type,False,1.0
dblp10k.csv,p1id,p1author,False,1.0
dblp10k.csv,p1id,p1title,False,1.0
dblp10k.csv,p1id,p1booktitle,False,1.0
dblp10k.csv,p1id,p1booktitlefull,False,1.0
dblp10k.csv,p1id,p1year,False,1.0
dblp10k.csv,p1id,p1journal,False,1.0
dblp10k.csv,p1id,p1journalfull,False,1.0
dblp10k.csv,p1id,p1publisher,False,1.0
dblp10k.csv,p1id,p1series,False,1.0
dblp10k.csv,p1id,p1key,False,1.0
dblp10k.csv,p1id,p2type,False,0.9629
dblp10k.csv,p1id,p2author,False,0.8965
dblp10k.csv,p1id,p2title,False,0.8918
dblp10k.csv,p1id,p2booktitle,False,0.9117873059781774
dblp10k.csv,p1id,p2booktitlefull,False,0.94385845525689
dblp10k.csv,p1id,p2year,False,0.9077
dblp10k.csv,p1id,p2journal,False,0.9639071899169293
dblp10k.csv,p1id,p2journalfull,False,0.9884393063583816
dblp10k.csv,p1id,p2publisher,False,1.0
dblp10k.csv,p1id,p2series,False,1.0
dblp10k.csv,p1id,p2id,False,0.8918
dblp10k.csv,p1id,p2key,False,0.8918
dblp10k.csv,p1key,sameentity,False,0.987
dblp10k.csv,p1key,samename,False,0.9867
dblp10k.csv,p1key,author1,False,0.997
dblp10k.csv,p1key,author2,False,0.9855
dblp10k.csv,p1key,key1,False,1.0
dblp10k.csv,p1key,key2,False,0.8918
dblp10k.csv,p1key,p1type,False,1.0
dblp10k.csv,p1key,p1author,False,1.0
dblp10k.csv,p1key,p1title,False,1.0
dblp10k.csv,p1key,p1booktitle,False,1.0
dblp10k.csv,p1key,p1booktitlefull,False,1.0
dblp10k.csv,p1key,p1year,False,1.0
dblp10k.csv,p1key,p1journal,False,1.0
dblp10k.csv,p1key,p1journalfull,False,1.0
dblp10k.csv,p1key,p1publisher,False,1.0
dblp10k.csv,p1key,p1series,False,1.0
dblp10k.csv,p1key,p1id,False,1.0
dblp10k.csv,p1key,p2type,False,0.9629
dblp10k.csv,p1key,p2author,False,0.8965
dblp10k.csv,p1key,p2title,False,0.8918
dblp10k.csv,p1key,p2booktitle,False,0.9117873059781774
dblp10k.csv,p1key,p2booktitlefull,False,0.94385845525689
dblp10k.csv,p1key,p2year,False,0.9077
dblp10k.csv,p1key,p2journal,False,0.9639071899169293
dblp10k.csv,p1key,p2journalfull,False,0.9884393063583816
dblp10k.csv,p1key,p2publisher,False,1.0
dblp10k.csv,p1key,p2series,False,1.0
dblp10k.csv,p1key,p2id,False,0.8918
dblp10k.csv,p1key,p2key,False,0.8918
dblp10k.csv,p2type,sameentity,False,0.5135000000000001
dblp10k.csv,p2type,samename,False,0.5149
dblp10k.csv,p2type,p1type,False,0.6329
dblp10k.csv,p2type,p1publisher,False,0.5625
dblp10k.csv,p2type,p1series,False,0.5
dblp10k.csv,p2type,p2publisher,False,0.5714285714285714
dblp10k.csv,p2author,sameentity,False,0.9818
dblp10k.csv,p2author,samename,False,0.9821
dblp10k.csv,p2author,author1,False,0.9799
dblp10k.csv,p2author,author2,False,0.9968
dblp10k.csv,p2author,key1,False,0.8335
dblp10k.csv,p2author,key2,False,0.9527
dblp10k.csv,p2author,p1type,False,0.9392
dblp10k.csv,p2author,p1author,False,0.8437
dblp10k.csv,p2author,p1title,False,0.8336
dblp10k.csv,p2author,p1booktitle,False,0.8790436005625879
dblp10k.csv,p2author,p1booktitlefull,False,0.9271014998256016
dblp10k.csv,p2author,p1year,False,0.8582
dblp10k.csv,p2author,p1journal,False,0.9282934963868816
dblp10k.csv,p2author,p1journalfull,False,1.0
dblp10k.csv,p2author,p1publisher,False,0.9375
dblp10k.csv,p2author,p1series,False,1.0
dblp10k.csv,p2author,p1id,False,0.8335
dblp10k.csv,p2author,p1key,False,0.8335
dblp10k.csv,p2author,p2type,False,0.9839
dblp10k.csv,p2author,p2title,False,0.9539
dblp10k.csv,p2author,p2booktitle,False,0.9700322729368372
dblp10k.csv,p2author,p2booktitlefull,False,0.9812861517522968
dblp10k.csv,p2author,p2year,False,0.9657
dblp10k.csv,p2author,p2journal,False,0.9839587510741908
dblp10k.csv,p2author,p2journalfull,False,1.0
dblp10k.csv,p2author,p2publisher,False,0.8571428571428572
dblp10k.csv,p2author,p2series,False,1.0
dblp10k.csv,p2author,p2id,False,0.9527
dblp10k.csv,p2author,p2key,False,0.9527
dblp10k.csv,p2title,sameentity,False,0.9866
dblp10k.csv,p2title,samename,False,0.9872
dblp10k.csv,p2title,author1,False,0.9848
dblp10k.csv,p2title,author2,False,0.9967
dblp10k.csv,p2title,key1,False,0.8686
dblp10k.csv,p2title,key2,False,0.9977
dblp10k.csv,p2title,p1type,False,0.9511
dblp10k.csv,p2title,p1author,False,0.8744000000000001
dblp10k.csv,p2title,p1title,False,0.8687
dblp10k.csv,p2title,p1booktitle,False,0.9049851539303015
dblp10k.csv,p2title,p1booktitlefull,False,0.9448901290547612
dblp10k.csv,p2title,p1year,False,0.8871
dblp10k.csv,p2title,p1journal,False,0.9466370205669816
dblp10k.csv,p2title,p1journalfull,False,1.0
dblp10k.csv,p2title,p1publisher,False,1.0
dblp10k.csv,p2title,p1series,False,1.0
dblp10k.csv,p2title,p1id,False,0.8686
dblp10k.csv,p2title,p1key,False,0.8686
dblp10k.csv,p2title,p2type,False,0.9994
dblp10k.csv,p2title,p2author,False,0.9989
dblp10k.csv,p2title,p2booktitle,False,0.9993852773935762
dblp10k.csv,p2title,p2booktitlefull,False,1.0
dblp10k.csv,p2title,p2year,False,0.9986
dblp10k.csv,p2title,p2journal,False,0.9974219421369236
dblp10k.csv,p2title,p2journalfull,False,1.0
dblp10k.csv,p2title,p2publisher,False,1.0
dblp10k.csv,p2title,p2series,False,1.0
dblp10k.csv,p2title,p2id,False,0.9977
dblp10k.csv,p2title,p2key,False,0.9977
dblp10k.csv,p2booktitle,sameentity,False,0.7587213769786384
dblp10k.csv,p2booktitle,samename,False,0.7439680344244659
dblp10k.csv,p2booktitle,p1type,False,0.7554940832949132
dblp10k.csv,p2booktitle,p1booktitlefull,False,0.5424317617866006
dblp10k.csv,p2booktitle,p1journal,False,0.5270403146509341
dblp10k.csv,p2booktitle,p1journalfull,False,0.9431818181818182
dblp10k.csv,p2booktitle,p1publisher,False,1.0
dblp10k.csv,p2booktitle,p1series,False,1.0
dblp10k.csv,p2booktitle,p2type,False,1.0
dblp10k.csv,p2booktitle,p2booktitlefull,False,1.0
dblp10k.csv,p2booktitle,p2year,False,0.557707084678039
dblp10k.csv,p2booktitle,p2publisher,False,1.0
dblp10k.csv,p2booktitle,p2series,False,1.0
dblp10k.csv,p2booktitlefull,sameentity,False,0.7226947941476694
dblp10k.csv,p2booktitlefull,samename,False,0.7002381762504253
dblp10k.csv,p2booktitlefull,p1type,False,0.7271180673698536
dblp10k.csv,p2booktitlefull,p1journalfull,False,0.8918918918918919
dblp10k.csv,p2booktitlefull,p1publisher,False,1.0
dblp10k.csv,p2booktitlefull,p2type,False,1.0
dblp10k.csv,p2booktitlefull,p2booktitle,False,0.9982987410683906
dblp10k.csv,p2year,sameentity,False,0.5328999999999999
dblp10k.csv,p2year,samename,False,0.5367999999999999
dblp10k.csv,p2year,p1type,False,0.6355
dblp10k.csv,p2year,p1publisher,False,0.9375
dblp10k.csv,p2year,p1series,False,1.0
dblp10k.csv,p2year,p2type,False,0.6556
dblp10k.csv,p2year,p2publisher,False,0.8571428571428572
dblp10k.csv,p2year,p2series,False,1.0
dblp10k.csv,p2journal,sameentity,False,0.6777427671154397
dblp10k.csv,p2journal,samename,False,0.6823259810942424
dblp10k.csv,p2journal,p1type,False,0.6843311372099685
dblp10k.csv,p2journal,p1journalfull,False,0.9818181818181818
dblp10k.csv,p2journal,p1publisher,False,1.0
dblp10k.csv,p2journal,p2type,False,1.0
dblp10k.csv,p2journal,p2journalfull,False,1.0
dblp10k.csv,p2journal,p2publisher,False,1.0
dblp10k.csv,p2journalfull,sameentity,False,0.815028901734104
dblp10k.csv,p2journalfull,samename,False,0.791907514450867
dblp10k.csv,p2journalfull,author1,False,0.5202312138728324
dblp10k.csv,p2journalfull,author2,False,0.5260115606936416
dblp10k.csv,p2journalfull,key2,False,0.5144508670520231
dblp10k.csv,p2journalfull,p1type,False,0.7572254335260116
dblp10k.csv,p2journalfull,p1booktitle,False,0.5181818181818182
dblp10k.csv,p2journalfull,p1booktitlefull,False,0.653061224489796
dblp10k.csv,p2journalfull,p1journal,False,0.5238095238095238
dblp10k.csv,p2journalfull,p1journalfull,False,1.0
dblp10k.csv,p2journalfull,p2type,False,1.0
dblp10k.csv,p2journalfull,p2author,False,0.5144508670520231
dblp10k.csv,p2journalfull,p2title,False,0.5144508670520231
dblp10k.csv,p2journalfull,p2year,False,0.630057803468208
dblp10k.csv,p2journalfull,p2journal,False,1.0
dblp10k.csv,p2journalfull,p2id,False,0.5144508670520231
dblp10k.csv,p2journalfull,p2key,False,0.5144508670520231
dblp10k.csv,p2publisher,sameentity,False,1.0
dblp10k.csv,p2publisher,samename,False,0.8571428571428572
dblp10k.csv,p2publisher,author1,False,0.8571428571428572
dblp10k.csv,p2publisher,author2,False,0.8571428571428572
dblp10k.csv,p2publisher,key1,False,0.7142857142857143
dblp10k.csv,p2publisher,key2,False,0.7142857142857143
dblp10k.csv,p2publisher,p1type,False,0.7142857142857143
dblp10k.csv,p2publisher,p1author,False,0.7142857142857143
dblp10k.csv,p2publisher,p1title,False,0.7142857142857143
dblp10k.csv,p2publisher,p1booktitle,False,1.0
dblp10k.csv,p2publisher,p1booktitlefull,False,1.0
dblp10k.csv,p2publisher,p1year,False,0.7142857142857143
dblp10k.csv,p2publisher,p1journal,False,1.0
dblp10k.csv,p2publisher,p1id,False,0.7142857142857143
dblp10k.csv,p2publisher,p1key,False,0.7142857142857143
dblp10k.csv,p2publisher,p2type,False,1.0
dblp10k.csv,p2publisher,p2author,False,0.8571428571428572
dblp10k.csv,p2publisher,p2title,False,0.7142857142857143
dblp10k.csv,p2publisher,p2booktitle,False,0.5
dblp10k.csv,p2publisher,p2year,False,0.8571428571428572
dblp10k.csv,p2publisher,p2journal,False,1.0
dblp10k.csv,p2publisher,p2series,False,0.6666666666666667
dblp10k.csv,p2publisher,p2id,False,0.7142857142857143
dblp10k.csv,p2publisher,p2key,False,0.7142857142857143
dblp10k.csv,p2series,sameentity,False,1.0
dblp10k.csv,p2series,samename,False,1.0
dblp10k.csv,p2series,author1,False,1.0
dblp10k.csv,p2series,author2,False,1.0
dblp10k.csv,p2series,key1,False,1.0
dblp10k.csv,p2series,key2,False,1.0
dblp10k.csv,p2series,p1type,False,1.0
dblp10k.csv,p2series,p1author,False,1.0
dblp10k.csv,p2series,p1title,False,1.0
dblp10k.csv,p2series,p1booktitle,False,1.0
dblp10k.csv,p2series,p1booktitlefull,False,1.0
dblp10k.csv,p2series,p1year,False,1.0
dblp10k.csv,p2series,p1journal,False,1.0
dblp10k.csv,p2series,p1id,False,1.0
dblp10k.csv,p2series,p1key,False,1.0
dblp10k.csv,p2series,p2type,False,1.0
dblp10k.csv,p2series,p2author,False,1.0
dblp10k.csv,p2series,p2title,False,1.0
dblp10k.csv,p2series,p2booktitle,False,1.0
dblp10k.csv,p2series,p2year,False,1.0
dblp10k.csv,p2series,p2publisher,False,1.0
dblp10k.csv,p2series,p2id,False,1.0
dblp10k.csv,p2series,p2key,False,1.0
dblp10k.csv,p2id,sameentity,False,0.9872
dblp10k.csv,p2id,samename,False,0.9877
dblp10k.csv,p2id,author1,False,0.986
dblp10k.csv,p2id,author2,False,0.9977
dblp10k.csv,p2id,key1,False,0.8707
dblp10k.csv,p2id,key2,False,1.0
dblp10k.csv,p2id,p1type,False,0.9518
dblp10k.csv,p2id,p1author,False,0.8765000000000001
dblp10k.csv,p2id,p1title,False,0.8708
dblp10k.csv,p2id,p1booktitle,False,0.9059228004375685
dblp10k.csv,p2id,p1booktitlefull,False,0.9455877223578654
dblp10k.csv,p2id,p1year,False,0.8887
dblp10k.csv,p2id,p1journal,False,0.9485825458588104
dblp10k.csv,p2id,p1journalfull,False,1.0
dblp10k.csv,p2id,p1publisher,False,1.0
dblp10k.csv,p2id,p1series,False,1.0
dblp10k.csv,p2id,p1id,False,0.8707
dblp10k.csv,p2id,p1key,False,0.8707
dblp10k.csv,p2id,p2type,False,1.0
dblp10k.csv,p2id,p2author,False,1.0
dblp10k.csv,p2id,p2title,False,1.0
dblp10k.csv,p2id,p2booktitle,False,1.0
dblp10k.csv,p2id,p2booktitlefull,False,1.0
dblp10k.csv,p2id,p2year,False,1.0
dblp10k.csv,p2id,p2journal,False,1.0
dblp10k.csv,p2id,p2journalfull,False,1.0
dblp10k.csv,p2id,p2publisher,False,1.0
dblp10k.csv,p2id,p2series,False,1.0
dblp10k.csv,p2id,p2key,False,1.0
dblp10k.csv,p2key,sameentity,False,0.9872
dblp10k.csv,p2key,samename,False,0.9877
dblp10k.csv,p2key,author1,False,0.986
dblp10k.csv,p2key,author2,False,0.9977
dblp10k.csv,p2key,key1,False,0.8707
dblp10k.csv,p2key,key2,False,1.0
dblp10k.csv,p2key,p1type,False,0.9518
dblp10k.csv,p2key,p1author,False,0.8765000000000001
dblp10k.csv,p2key,p1title,False,0.8708
dblp10k.csv,p2key,p1booktitle,False,0.9059228004375685
dblp10k.csv,p2key,p1booktitlefull,False,0.9455877223578654
dblp10k.csv,p2key,p1year,False,0.8887
dblp10k.csv,p2key,p1journal,False,0.9485825458588104
dblp10k.csv,p2key,p1journalfull,False,1.0
dblp10k.csv,p2key,p1publisher,False,1.0
dblp10k.csv,p2key,p1series,False,1.0
dblp10k.csv,p2key,p1id,False,0.8707
dblp10k.csv,p2key,p1key,False,0.8707
dblp10k.csv,p2key,p2type,False,1.0
dblp10k.csv,p2key,p2author,False,1.0
dblp10k.csv,p2key,p2title,False,1.0
dblp10k.csv,p2key,p2booktitle,False,1.0
dblp10k.csv,p2key,p2booktitlefull,False,1.0
dblp10k.csv,p2key,p2year,False,1.0
dblp10k.csv,p2key,p2journal,False,1.0
dblp10k.csv,p2key,p2journalfull,False,1.0
dblp10k.csv,p2key,p2publisher,False,1.0
dblp10k.csv,p2key,p2series,False,1.0
dblp10k.csv,p2key,p2id,False,1.0
hospital.csv,ProviderNumberString,HospitalNameString,False,1.0
hospital.csv,ProviderNumberString,CityString,False,1.0
hospital.csv,ProviderNumberString,StateString,False,1.0
hospital.csv,ProviderNumberString,ZIPCodeString,False,1.0
hospital.csv,ProviderNumberString,CountyNameString,False,1.0
hospital.csv,ProviderNumberString,PhoneNumberString,False,1.0
hospital.csv,ProviderNumberString,HospitalTypeString,False,1.0
hospital.csv,ProviderNumberString,HospitalOwnerString,False,1.0
hospital.csv,ProviderNumberString,EmergencyServiceString,False,1.0
hospital.csv,HospitalNameString,ProviderNumberString,False,0.9569000774458531
hospital.csv,HospitalNameString,CityString,False,0.9584228891654122
hospital.csv,HospitalNameString,StateString,False,0.9601632454163368
hospital.csv,HospitalNameString,ZIPCodeString,False,0.9569000774458531
hospital.csv,HospitalNameString,CountyNameString,False,0.9625399367975694
hospital.csv,HospitalNameString,PhoneNumberString,False,0.9569000774458531
hospital.csv,HospitalNameString,HospitalTypeString,False,0.9906455851512804
hospital.csv,HospitalNameString,HospitalOwnerString,False,0.9760701015497872
hospital.csv,HospitalNameString,EmergencyServiceString,False,0.9943438421844952
hospital.csv,CityString,ProviderNumberString,False,0.5965593156919221
hospital.csv,CityString,HospitalNameString,False,0.5978384775363517
hospital.csv,CityString,StateString,False,0.8339091011930142
hospital.csv,CityString,ZIPCodeString,False,0.6718210217631548
hospital.csv,CityString,CountyNameString,False,0.8305199836335304
hospital.csv,CityString,PhoneNumberString,False,0.5993612892559107
hospital.csv,CityString,HospitalTypeString,False,0.919804383957396
hospital.csv,CityString,HospitalOwnerString,False,0.7169310557871196
hospital.csv,CityString,EmergencyServiceString,False,0.9239986425221244
hospital.csv,StateString,HospitalTypeString,False,0.7868063592617409
hospital.csv,StateString,EmergencyServiceString,False,0.8721969387133546
hospital.csv,ZIPCodeString,ProviderNumberString,False,0.9104847762336952
hospital.csv,ZIPCodeString,HospitalNameString,False,0.9104847762336952
hospital.csv,ZIPCodeString,CityString,False,1.0
hospital.csv,ZIPCodeString,StateString,False,1.0
hospital.csv,ZIPCodeString,CountyNameString,False,0.9969530508666394
hospital.csv,ZIPCodeString,PhoneNumberString,False,0.9133128551414474
hospital.csv,ZIPCodeString,HospitalTypeString,False,0.9850851469295764
hospital.csv,ZIPCodeString,HospitalOwnerString,False,0.9347192370278196
hospital.csv,ZIPCodeString,EmergencyServiceString,False,0.9688128159834318
hospital.csv,CountyNameString,CityString,False,0.5259817705386136
hospital.csv,CountyNameString,StateString,False,0.755312573453238
hospital.csv,CountyNameString,HospitalTypeString,False,0.8593180057282643
hospital.csv,CountyNameString,HospitalOwnerString,False,0.5534652517215263
hospital.csv,CountyNameString,EmergencyServiceString,False,0.8947757880716294
hospital.csv,PhoneNumberString,ProviderNumberString,False,0.9971719210922476
hospital.csv,PhoneNumberString,HospitalNameString,False,0.9971719210922476
hospital.csv,PhoneNumberString,CityString,False,1.0
hospital.csv,PhoneNumberString,StateString,False,1.0
hospital.csv,PhoneNumberString,ZIPCodeString,False,1.0
hospital.csv,PhoneNumberString,CountyNameString,False,0.9989118038809426
hospital.csv,PhoneNumberString,HospitalTypeString,False,0.9997824554686344
hospital.csv,PhoneNumberString,HospitalOwnerString,False,0.9991298218745376
hospital.csv,PhoneNumberString,EmergencyServiceString,False,0.9993473664059032
hospital.csv,HospitalTypeString,EmergencyServiceString,False,0.9000426387281476
hospital.csv,HospitalOwnerString,HospitalTypeString,False,0.785605513448603
hospital.csv,HospitalOwnerString,EmergencyServiceString,False,0.9000426387281476
hospital.csv,EmergencyServiceString,HospitalTypeString,False,0.7577598134338099
hospital.csv,ConditionString,HospitalTypeString,False,0.7577598134338099
hospital.csv,ConditionString,EmergencyServiceString,False,0.8721969387133546
hospital.csv,MeasureCodeString,HospitalTypeString,False,0.7577598134338099
hospital.csv,MeasureCodeString,EmergencyServiceString,False,0.8721969387133546
hospital.csv,MeasureCodeString,ConditionString,False,1.0
hospital.csv,MeasureCodeString,MeasureNameString,False,1.0
hospital.csv,MeasureNameString,HospitalTypeString,False,0.7577598134338099
hospital.csv,MeasureNameString,EmergencyServiceString,False,0.8721969387133546
hospital.csv,MeasureNameString,ConditionString,False,1.0
hospital.csv,MeasureNameString,MeasureCodeString,False,1.0
hospital.csv,SampleString,HospitalTypeString,False,0.8137004352513677
hospital.csv,SampleString,EmergencyServiceString,False,0.9003913269177015
hospital.csv,StateAvgString,StateString,False,1.0
hospital.csv,StateAvgString,HospitalTypeString,False,0.7869629913243241
hospital.csv,StateAvgString,EmergencyServiceString,False,0.8722230440571185
hospital.csv,StateAvgString,ConditionString,False,1.0
hospital.csv,StateAvgString,MeasureCodeString,False,1.0
hospital.csv,StateAvgString,MeasureNameString,False,1.0
t_biocase_gathering_agent_r72738_c18.csv,_datasetguid,PersonPrefix,False,1.0
t_biocase_gathering_agent_r72738_c18.csv,_datasetguid,PrimaryCollector,False,1.0
t_biocase_gathering_agent_r72738_c18.csv,_datasetguid,Sequence,False,0.9629212092882578
t_biocase_gathering_agent_r72738_c18.csv,_unitguid,_datasetguid,False,1.0
t_biocase_gathering_agent_r72738_c18.csv,_unitguid,_gatheringagentguid,False,0.9629212092882578
t_biocase_gathering_agent_r72738_c18.csv,_unitguid,AgentText,False,1.0
t_biocase_gathering_agent_r72738_c18.csv,_unitguid,PersonFullName,False,0.9629212092882578
t_biocase_gathering_agent_r72738_c18.csv,_unitguid,PersonInheritedName,False,0.9636636099921636
t_biocase_gathering_agent_r72738_c18.csv,_unitguid,PersonPrefix,False,1.0
t_biocase_gathering_agent_r72738_c18.csv,_unitguid,PersonGivenNames,False,0.9643012220085604
t_biocase_gathering_agent_r72738_c18.csv,_unitguid,PrimaryCollector,False,1.0
t_biocase_gathering_agent_r72738_c18.csv,_unitguid,Sequence,False,0.9629212092882578
t_biocase_gathering_agent_r72738_c18.csv,_gatheringagentguid,_datasetguid,False,1.0
t_biocase_gathering_agent_r72738_c18.csv,_gatheringagentguid,_unitguid,False,1.0
t_biocase_gathering_agent_r72738_c18.csv,_gatheringagentguid,AgentText,False,1.0
t_biocase_gathering_agent_r72738_c18.csv,_gatheringagentguid,PersonFullName,False,1.0
t_biocase_gathering_agent_r72738_c18.csv,_gatheringagentguid,PersonInheritedName,False,1.0
t_biocase_gathering_agent_r72738_c18.csv,_gatheringagentguid,PersonPrefix,False,1.0
t_biocase_gathering_agent_r72738_c18.csv,_gatheringagentguid,PersonGivenNames,False,1.0
t_biocase_gathering_agent_r72738_c18.csv,_gatheringagentguid,PrimaryCollector,False,1.0
t_biocase_gathering_agent_r72738_c18.csv,_gatheringagentguid,Sequence,False,1.0
t_biocase_gathering_agent_r72738_c18.csv,AgentText,_datasetguid,False,1.0
t_biocase_gathering_agent_r72738_c18.csv,AgentText,PersonFullName,False,1.0
t_biocase_gathering_agent_r72738_c18.csv,AgentText,PersonInheritedName,False,1.0
t_biocase_gathering_agent_r72738_c18.csv,AgentText,PersonGivenNames,False,1.0
t_biocase_gathering_agent_r72738_c18.csv,AgentText,PrimaryCollector,False,1.0
t_biocase_gathering_agent_r72738_c18.csv,AgentText,Sequence,False,0.9859154929577464
t_biocase_gathering_agent_r72738_c18.csv,PersonFullName,_datasetguid,False,0.9973328567304124
t_biocase_gathering_agent_r72738_c18.csv,PersonFullName,AgentText,False,0.9953051643192488
t_biocase_gathering_agent_r72738_c18.csv,PersonFullName,PersonInheritedName,False,0.9999725036776332
t_biocase_gathering_agent_r72738_c18.csv,PersonFullName,PersonPrefix,False,1.0
t_biocase_gathering_agent_r72738_c18.csv,PersonFullName,PersonGivenNames,False,1.0
t_biocase_gathering_agent_r72738_c18.csv,PersonFullName,PrimaryCollector,False,1.0
t_biocase_gathering_agent_r72738_c18.csv,PersonFullName,Sequence,False,0.9779067049782092
t_biocase_gathering_agent_r72738_c18.csv,PersonInheritedName,_datasetguid,False,0.9673756135116928
t_biocase_gathering_agent_r72738_c18.csv,PersonInheritedName,AgentText,False,0.976525821596244
t_biocase_gathering_agent_r72738_c18.csv,PersonInheritedName,PersonFullName,False,0.9195870052380494
t_biocase_gathering_agent_r72738_c18.csv,PersonInheritedName,PersonPrefix,False,1.0
t_biocase_gathering_agent_r72738_c18.csv,PersonInheritedName,PersonGivenNames,False,0.9424663482414244
t_biocase_gathering_agent_r72738_c18.csv,PersonInheritedName,PrimaryCollector,False,1.0
t_biocase_gathering_agent_r72738_c18.csv,PersonInheritedName,Sequence,False,0.9740297235244786
t_biocase_gathering_agent_r72738_c18.csv,PersonPrefix,_datasetguid,False,1.0
t_biocase_gathering_agent_r72738_c18.csv,PersonPrefix,PersonFullName,False,0.8928571428571429
t_biocase_gathering_agent_r72738_c18.csv,PersonPrefix,PersonInheritedName,False,0.8928571428571429
t_biocase_gathering_agent_r72738_c18.csv,PersonPrefix,PersonGivenNames,False,0.8928571428571429
t_biocase_gathering_agent_r72738_c18.csv,PersonPrefix,PrimaryCollector,False,1.0
t_biocase_gathering_agent_r72738_c18.csv,PersonPrefix,Sequence,False,1.0
t_biocase_gathering_agent_r72738_c18.csv,PersonGivenNames,_datasetguid,False,0.9691706469821972
t_biocase_gathering_agent_r72738_c18.csv,PersonGivenNames,AgentText,False,0.746031746031746
t_biocase_gathering_agent_r72738_c18.csv,PersonGivenNames,PersonFullName,False,0.7591185410334347
t_biocase_gathering_agent_r72738_c18.csv,PersonGivenNames,PersonInheritedName,False,0.7591185410334347
t_biocase_gathering_agent_r72738_c18.csv,PersonGivenNames,PersonPrefix,False,1.0
t_biocase_gathering_agent_r72738_c18.csv,PersonGivenNames,PrimaryCollector,False,1.0
t_biocase_gathering_agent_r72738_c18.csv,PersonGivenNames,Sequence,False,0.9707369269896408
t_biocase_gathering_agent_r72738_c18.csv,PrimaryCollector,_datasetguid,False,0.9207693470998254
t_biocase_gathering_agent_r72738_c18.csv,PrimaryCollector,PersonPrefix,False,1.0
t_biocase_gathering_agent_r72738_c18.csv,PrimaryCollector,Sequence,False,0.9629212092882578
t_biocase_gathering_agent_r72738_c18.csv,Sequence,_datasetguid,False,0.9207693470998254
t_biocase_gathering_agent_r72738_c18.csv,Sequence,PersonPrefix,False,1.0
t_biocase_gathering_agent_r72738_c18.csv,Sequence,PrimaryCollector,False,1.0
t_biocase_gathering_namedareas_r137711_c11.csv,_datasetguid,Sequence,False,0.5526759131508242
t_biocase_gathering_namedareas_r137711_c11.csv,_datasetguid,AreaClass,False,0.5526759131508242
t_biocase_gathering_namedareas_r137711_c11.csv,_datasetguid,AreaClass_Language,False,1.0
t_biocase_gathering_namedareas_r137711_c11.csv,_datasetguid,AreaName_Language,False,1.0
t_biocase_gathering_namedareas_r137711_c11.csv,_unitguid,_datasetguid,False,1.0
t_biocase_gathering_namedareas_r137711_c11.csv,_unitguid,_namedareasguid,False,0.5552683174787597
t_biocase_gathering_namedareas_r137711_c11.csv,_unitguid,Sequence,False,0.5552683174787597
t_biocase_gathering_namedareas_r137711_c11.csv,_unitguid,AreaClass,False,0.5552683174787597
t_biocase_gathering_namedareas_r137711_c11.csv,_unitguid,AreaClass_Language,False,1.0
t_biocase_gathering_namedareas_r137711_c11.csv,_unitguid,AreaCode,False,0.8049351226760579
t_biocase_gathering_namedareas_r137711_c11.csv,_unitguid,AreaName,False,0.5552683174787597
t_biocase_gathering_namedareas_r137711_c11.csv,_unitguid,AreaName_Language,False,1.0
t_biocase_gathering_namedareas_r137711_c11.csv,_namedareasguid,_datasetguid,False,1.0
t_biocase_gathering_namedareas_r137711_c11.csv,_namedareasguid,_unitguid,False,1.0
t_biocase_gathering_namedareas_r137711_c11.csv,_namedareasguid,Sequence,False,1.0
t_biocase_gathering_namedareas_r137711_c11.csv,_namedareasguid,AreaClass,False,1.0
t_biocase_gathering_namedareas_r137711_c11.csv,_namedareasguid,AreaClass_Language,False,1.0
t_biocase_gathering_namedareas_r137711_c11.csv,_namedareasguid,AreaCode,False,1.0
t_biocase_gathering_namedareas_r137711_c11.csv,_namedareasguid,AreaName,False,1.0
t_biocase_gathering_namedareas_r137711_c11.csv,_namedareasguid,AreaName_Language,False,1.0
t_biocase_gathering_namedareas_r137711_c11.csv,Sequence,_datasetguid,False,0.9342749255682232
t_biocase_gathering_namedareas_r137711_c11.csv,Sequence,AreaClass,False,1.0
t_biocase_gathering_namedareas_r137711_c11.csv,Sequence,AreaClass_Language,False,1.0
t_biocase_gathering_namedareas_r137711_c11.csv,Sequence,AreaName_Language,False,1.0
t_biocase_gathering_namedareas_r137711_c11.csv,AreaClass,_datasetguid,False,0.9342749255682232
t_biocase_gathering_namedareas_r137711_c11.csv,AreaClass,Sequence,False,1.0
t_biocase_gathering_namedareas_r137711_c11.csv,AreaClass,AreaClass_Language,False,1.0
t_biocase_gathering_namedareas_r137711_c11.csv,AreaClass,AreaName_Language,False,1.0
t_biocase_gathering_namedareas_r137711_c11.csv,AreaClass_Language,_datasetguid,False,0.9342749255682232
t_biocase_gathering_namedareas_r137711_c11.csv,AreaClass_Language,Sequence,False,0.5526759131508242
t_biocase_gathering_namedareas_r137711_c11.csv,AreaClass_Language,AreaClass,False,0.5526759131508242
t_biocase_gathering_namedareas_r137711_c11.csv,AreaClass_Language,AreaName_Language,False,1.0
t_biocase_gathering_namedareas_r137711_c11.csv,AreaCode,_datasetguid,False,1.0
t_biocase_gathering_namedareas_r137711_c11.csv,AreaCode,Sequence,False,1.0
t_biocase_gathering_namedareas_r137711_c11.csv,AreaCode,AreaClass,False,1.0
t_biocase_gathering_namedareas_r137711_c11.csv,AreaCode,AreaClass_Language,False,1.0
t_biocase_gathering_namedareas_r137711_c11.csv,AreaCode,AreaName,False,1.0
t_biocase_gathering_namedareas_r137711_c11.csv,AreaCode,AreaName_Language,False,1.0
t_biocase_gathering_namedareas_r137711_c11.csv,AreaName,_datasetguid,False,0.961041318713238
t_biocase_gathering_namedareas_r137711_c11.csv,AreaName,Sequence,False,0.999607871614262
t_biocase_gathering_namedareas_r137711_c11.csv,AreaName,AreaClass,False,0.999607871614262
t_biocase_gathering_namedareas_r137711_c11.csv,AreaName,AreaClass_Language,False,1.0
t_biocase_gathering_namedareas_r137711_c11.csv,AreaName,AreaCode,False,0.9986544829119328
t_biocase_gathering_namedareas_r137711_c11.csv,AreaName,AreaName_Language,False,1.0
t_biocase_gathering_namedareas_r137711_c11.csv,AreaName_Language,_datasetguid,False,0.9342749255682232
t_biocase_gathering_namedareas_r137711_c11.csv,AreaName_Language,Sequence,False,0.5526759131508242
t_biocase_gathering_namedareas_r137711_c11.csv,AreaName_Language,AreaClass,False,0.5526759131508242
t_biocase_gathering_namedareas_r137711_c11.csv,AreaName_Language,AreaClass_Language,False,1.0
t_biocase_gathering_r90992_c35.csv,_datasetguid,Gath_Altid_Parameter,False,1.0
t_biocase_gathering_r90992_c35.csv,_datasetguid,Gath_Country_Name_Language,False,1.0
t_biocase_gathering_r90992_c35.csv,_datasetguid,Gath_Depth_Parameter,False,1.0
t_biocase_gathering_r90992_c35.csv,_unitguid,_datasetguid,False,1.0
t_biocase_gathering_r90992_c35.csv,_unitguid,Gath_Altid_Parameter,False,1.0
t_biocase_gathering_r90992_c35.csv,_unitguid,Gath_AreaDetail,False,1.0
t_biocase_gathering_r90992_c35.csv,_unitguid,Gath_Country_Name,False,1.0
t_biocase_gathering_r90992_c35.csv,_unitguid,Gath_Country_Name_Language,False,1.0
t_biocase_gathering_r90992_c35.csv,_unitguid,Gath_DateTime_Text,False,1.0
t_biocase_gathering_r90992_c35.csv,_unitguid,Gath_DateTime_Begin,False,1.0
t_biocase_gathering_r90992_c35.csv,_unitguid,Gath_DateTime_End,False,1.0
t_biocase_gathering_r90992_c35.csv,_unitguid,Gath_Depth_Parameter,False,1.0
t_biocase_gathering_r90992_c35.csv,_unitguid,Gath_Notes,False,1.0
t_biocase_gathering_r90992_c35.csv,Gath_Altid_Parameter,_datasetguid,False,0.8965941686540427
t_biocase_gathering_r90992_c35.csv,Gath_Altid_Parameter,Gath_Country_Name_Language,False,1.0
t_biocase_gathering_r90992_c35.csv,Gath_Altid_Parameter,Gath_Depth_Parameter,False,1.0
t_biocase_gathering_r90992_c35.csv,Gath_AreaDetail,_datasetguid,False,0.9933394777265744
t_biocase_gathering_r90992_c35.csv,Gath_AreaDetail,Gath_Altid_Parameter,False,1.0
t_biocase_gathering_r90992_c35.csv,Gath_AreaDetail,Gath_Country_Name,False,0.997188243177548
t_biocase_gathering_r90992_c35.csv,Gath_AreaDetail,Gath_Country_Name_Language,False,1.0
t_biocase_gathering_r90992_c35.csv,Gath_AreaDetail,Gath_DateTime_Text,False,0.6222035205834912
t_biocase_gathering_r90992_c35.csv,Gath_AreaDetail,Gath_Depth_Parameter,False,1.0
t_biocase_gathering_r90992_c35.csv,Gath_AreaDetail,Gath_Notes,False,1.0
t_biocase_gathering_r90992_c35.csv,Gath_Country_Name,_datasetguid,False,0.9373267287705792
t_biocase_gathering_r90992_c35.csv,Gath_Country_Name,Gath_Altid_Parameter,False,1.0
t_biocase_gathering_r90992_c35.csv,Gath_Country_Name,Gath_Country_Name_Language,False,1.0
t_biocase_gathering_r90992_c35.csv,Gath_Country_Name,Gath_Depth_Parameter,False,1.0
t_biocase_gathering_r90992_c35.csv,Gath_Country_Name,Gath_Notes,False,0.9594594594594594
t_biocase_gathering_r90992_c35.csv,Gath_Country_Name_Language,_datasetguid,False,0.8965941686540427
t_biocase_gathering_r90992_c35.csv,Gath_Country_Name_Language,Gath_Altid_Parameter,False,1.0
t_biocase_gathering_r90992_c35.csv,Gath_Country_Name_Language,Gath_Depth_Parameter,False,1.0
t_biocase_gathering_r90992_c35.csv,Gath_DateTime_Text,_datasetguid,False,1.0
t_biocase_gathering_r90992_c35.csv,Gath_DateTime_Text,Gath_Altid_Parameter,False,1.0
t_biocase_gathering_r90992_c35.csv,Gath_DateTime_Text,Gath_AreaDetail,False,0.7509643032470721
t_biocase_gathering_r90992_c35.csv,Gath_DateTime_Text,Gath_Country_Name,False,0.866612832183233
t_biocase_gathering_r90992_c35.csv,Gath_DateTime_Text,Gath_Country_Name_Language,False,1.0
t_biocase_gathering_r90992_c35.csv,Gath_DateTime_Text,Gath_Depth_Parameter,False,1.0
t_biocase_gathering_r90992_c35.csv,Gath_DateTime_Begin,_datasetguid,False,0.9734549901232246
t_biocase_gathering_r90992_c35.csv,Gath_DateTime_Begin,Gath_Altid_Parameter,False,1.0
t_biocase_gathering_r90992_c35.csv,Gath_DateTime_Begin,Gath_AreaDetail,False,0.7089833346016285
t_biocase_gathering_r90992_c35.csv,Gath_DateTime_Begin,Gath_Country_Name,False,0.7793002740493289
t_biocase_gathering_r90992_c35.csv,Gath_DateTime_Begin,Gath_Country_Name_Language,False,1.0
t_biocase_gathering_r90992_c35.csv,Gath_DateTime_Begin,Gath_DateTime_End,False,0.98209157935584
t_biocase_gathering_r90992_c35.csv,Gath_DateTime_Begin,Gath_Depth_Parameter,False,1.0
t_biocase_gathering_r90992_c35.csv,Gath_DateTime_Begin,Gath_Notes,False,1.0
t_biocase_gathering_r90992_c35.csv,Gath_DateTime_End,_datasetguid,False,0.988280946837408
t_biocase_gathering_r90992_c35.csv,Gath_DateTime_End,Gath_Altid_Parameter,False,1.0
t_biocase_gathering_r90992_c35.csv,Gath_DateTime_End,Gath_AreaDetail,False,0.7132286555446516
t_biocase_gathering_r90992_c35.csv,Gath_DateTime_End,Gath_Country_Name,False,0.7828888934790242
t_biocase_gathering_r90992_c35.csv,Gath_DateTime_End,Gath_Country_Name_Language,False,1.0
t_biocase_gathering_r90992_c35.csv,Gath_DateTime_End,Gath_DateTime_Begin,False,0.986476523088863
t_biocase_gathering_r90992_c35.csv,Gath_DateTime_End,Gath_Depth_Parameter,False,1.0
t_biocase_gathering_r90992_c35.csv,Gath_DateTime_End,Gath_Notes,False,1.0
t_biocase_gathering_r90992_c35.csv,Gath_Depth_Parameter,_datasetguid,False,0.8965941686540427
t_biocase_gathering_r90992_c35.csv,Gath_Depth_Parameter,Gath_Altid_Parameter,False,1.0
t_biocase_gathering_r90992_c35.csv,Gath_Depth_Parameter,Gath_Country_Name_Language,False,1.0
t_biocase_gathering_r90992_c35.csv,Gath_Notes,_datasetguid,False,1.0
t_biocase_gathering_r90992_c35.csv,Gath_Notes,Gath_Altid_Parameter,False,1.0
t_biocase_gathering_r90992_c35.csv,Gath_Notes,Gath_AreaDetail,False,0.8421052631578947
t_biocase_gathering_r90992_c35.csv,Gath_Notes,Gath_Country_Name,False,1.0
t_biocase_gathering_r90992_c35.csv,Gath_Notes,Gath_Country_Name_Language,False,1.0
t_biocase_gathering_r90992_c35.csv,Gath_Notes,Gath_DateTime_Begin,False,0.8571428571428572
t_biocase_gathering_r90992_c35.csv,Gath_Notes,Gath_DateTime_End,False,1.0
t_biocase_gathering_r90992_c35.csv,Gath_Notes,Gath_Depth_Parameter,False,1.0
t_biocase_identification_highertaxon_r562959_c3.csv,HigherTaxonName,HigherTaxonRank,False,0.9997637479172514
t_biocase_identification_highertaxon_r562959_c3.csv,HigherTaxonRank,HigherTaxonName,False,0.5776967375896603
t_biocase_identification_r91800_c38.csv,_unitguid,_identificationguid,False,0.9610562206559984
t_biocase_identification_r91800_c38.csv,_unitguid,_timestamp,False,1.0
t_biocase_identification_r91800_c38.csv,_unitguid,ScientificName,False,0.9614265950609484
t_biocase_identification_r91800_c38.csv,_unitguid,FullScientificNameString,False,0.9614265950609484
t_biocase_identification_r91800_c38.csv,_unitguid,GenusOrMonomial,False,0.977004106798549
t_biocase_identification_r91800_c38.csv,_unitguid,Subgenus,False,1.0
t_biocase_identification_r91800_c38.csv,_unitguid,SpeciesEpithet,False,0.9726031873985556
t_biocase_identification_r91800_c38.csv,_unitguid,SubspeciesEpithet,False,0.9869152425340928
t_biocase_identification_r91800_c38.csv,_unitguid,AuthorTeamOriginalAndYear,False,0.9961927075706546
t_biocase_identification_r91800_c38.csv,_unitguid,AuthorTeamParenthesisAndYear,False,0.9984379184147104
t_biocase_identification_r91800_c38.csv,_unitguid,PreferredFlag,False,0.9610562206559984
t_biocase_identification_r91800_c38.csv,_unitguid,Notes,False,1.0
t_biocase_identification_r91800_c38.csv,_identificationguid,_unitguid,False,1.0
t_biocase_identification_r91800_c38.csv,_identificationguid,_timestamp,False,1.0
t_biocase_identification_r91800_c38.csv,_identificationguid,ScientificName,False,1.0
t_biocase_identification_r91800_c38.csv,_identificationguid,FullScientificNameString,False,1.0
t_biocase_identification_r91800_c38.csv,_identificationguid,GenusOrMonomial,False,1.0
t_biocase_identification_r91800_c38.csv,_identificationguid,Subgenus,False,1.0
t_biocase_identification_r91800_c38.csv,_identificationguid,SpeciesEpithet,False,1.0
t_biocase_identification_r91800_c38.csv,_identificationguid,SubspeciesEpithet,False,1.0
t_biocase_identification_r91800_c38.csv,_identificationguid,AuthorTeamOriginalAndYear,False,1.0
t_biocase_identification_r91800_c38.csv,_identificationguid,AuthorTeamParenthesisAndYear,False,1.0
t_biocase_identification_r91800_c38.csv,_identificationguid,PreferredFlag,False,1.0
t_biocase_identification_r91800_c38.csv,_identificationguid,Notes,False,1.0
t_biocase_identification_r91800_c38.csv,_timestamp,_unitguid,False,0.8879944225971961
t_biocase_identification_r91800_c38.csv,_timestamp,_identificationguid,False,0.851501650344775
t_biocase_identification_r91800_c38.csv,_timestamp,ScientificName,False,0.8754016928288979
t_biocase_identification_r91800_c38.csv,_timestamp,FullScientificNameString,False,0.8754016928288979
t_biocase_identification_r91800_c38.csv,_timestamp,GenusOrMonomial,False,0.8976132637610431
t_biocase_identification_r91800_c38.csv,_timestamp,SpeciesEpithet,False,0.889225372825412
t_biocase_identification_r91800_c38.csv,_timestamp,SubspeciesEpithet,False,0.9646124633177974
t_biocase_identification_r91800_c38.csv,_timestamp,AuthorTeamOriginalAndYear,False,0.7249963391418949
t_biocase_identification_r91800_c38.csv,_timestamp,AuthorTeamParenthesisAndYear,False,0.906230473980184
t_biocase_identification_r91800_c38.csv,_timestamp,PreferredFlag,False,0.9610562206559984
t_biocase_identification_r91800_c38.csv,ScientificName,FullScientificNameString,False,1.0
t_biocase_identification_r91800_c38.csv,ScientificName,GenusOrMonomial,False,1.0
t_biocase_identification_r91800_c38.csv,ScientificName,Subgenus,False,1.0
t_biocase_identification_r91800_c38.csv,ScientificName,SpeciesEpithet,False,1.0
t_biocase_identification_r91800_c38.csv,ScientificName,SubspeciesEpithet,False,1.0
t_biocase_identification_r91800_c38.csv,ScientificName,AuthorTeamOriginalAndYear,False,1.0
t_biocase_identification_r91800_c38.csv,ScientificName,AuthorTeamParenthesisAndYear,False,1.0
t_biocase_identification_r91800_c38.csv,ScientificName,PreferredFlag,False,0.9953485332084228
t_biocase_identification_r91800_c38.csv,ScientificName,Notes,False,1.0
t_biocase_identification_r91800_c38.csv,FullScientificNameString,ScientificName,False,1.0
t_biocase_identification_r91800_c38.csv,FullScientificNameString,GenusOrMonomial,False,1.0
t_biocase_identification_r91800_c38.csv,FullScientificNameString,Subgenus,False,1.0
t_biocase_identification_r91800_c38.csv,FullScientificNameString,SpeciesEpithet,False,1.0
t_biocase_identification_r91800_c38.csv,FullScientificNameString,SubspeciesEpithet,False,1.0
t_biocase_identification_r91800_c38.csv,FullScientificNameString,AuthorTeamOriginalAndYear,False,1.0
t_biocase_identification_r91800_c38.csv,FullScientificNameString,AuthorTeamParenthesisAndYear,False,1.0
t_biocase_identification_r91800_c38.csv,FullScientificNameString,PreferredFlag,False,0.9953485332084228
t_biocase_identification_r91800_c38.csv,FullScientificNameString,Notes,False,1.0
t_biocase_identification_r91800_c38.csv,GenusOrMonomial,Subgenus,False,0.6816546762589928
t_biocase_identification_r91800_c38.csv,GenusOrMonomial,AuthorTeamOriginalAndYear,False,0.745497144530678
t_biocase_identification_r91800_c38.csv,GenusOrMonomial,AuthorTeamParenthesisAndYear,False,0.7265018298669998
t_biocase_identification_r91800_c38.csv,GenusOrMonomial,PreferredFlag,False,0.9709256092114292
t_biocase_identification_r91800_c38.csv,GenusOrMonomial,Notes,False,0.8960573476702509
t_biocase_identification_r91800_c38.csv,Subgenus,_timestamp,False,1.0
t_biocase_identification_r91800_c38.csv,Subgenus,ScientificName,False,0.5863309352517986
t_biocase_identification_r91800_c38.csv,Subgenus,FullScientificNameString,False,0.5863309352517986
t_biocase_identification_r91800_c38.csv,Subgenus,GenusOrMonomial,False,1.0
t_biocase_identification_r91800_c38.csv,Subgenus,SpeciesEpithet,False,0.591726618705036
t_biocase_identification_r91800_c38.csv,Subgenus,SubspeciesEpithet,False,0.8333333333333334
t_biocase_identification_r91800_c38.csv,Subgenus,AuthorTeamOriginalAndYear,False,0.7487046632124352
t_biocase_identification_r91800_c38.csv,Subgenus,AuthorTeamParenthesisAndYear,False,0.8823529411764706
t_biocase_identification_r91800_c38.csv,Subgenus,PreferredFlag,False,1.0
t_biocase_identification_r91800_c38.csv,Subgenus,Notes,False,1.0
t_biocase_identification_r91800_c38.csv,SpeciesEpithet,ScientificName,False,0.5628056950511444
t_biocase_identification_r91800_c38.csv,SpeciesEpithet,FullScientificNameString,False,0.5628056950511444
t_biocase_identification_r91800_c38.csv,SpeciesEpithet,GenusOrMonomial,False,0.7714898855107354
t_biocase_identification_r91800_c38.csv,SpeciesEpithet,Subgenus,False,0.9766187050359711
t_biocase_identification_r91800_c38.csv,SpeciesEpithet,SubspeciesEpithet,False,0.5965648196098741
t_biocase_identification_r91800_c38.csv,SpeciesEpithet,AuthorTeamOriginalAndYear,False,0.9420120076145848
t_biocase_identification_r91800_c38.csv,SpeciesEpithet,AuthorTeamParenthesisAndYear,False,0.9325627064179238
t_biocase_identification_r91800_c38.csv,SpeciesEpithet,PreferredFlag,False,0.9734855499515244
t_biocase_identification_r91800_c38.csv,SpeciesEpithet,Notes,False,0.989247311827957
t_biocase_identification_r91800_c38.csv,SubspeciesEpithet,ScientificName,False,0.7761090971862593
t_biocase_identification_r91800_c38.csv,SubspeciesEpithet,FullScientificNameString,False,0.7761090971862593
t_biocase_identification_r91800_c38.csv,SubspeciesEpithet,GenusOrMonomial,False,0.7778353184878302
t_biocase_identification_r91800_c38.csv,SubspeciesEpithet,Subgenus,False,0.935897435897436
t_biocase_identification_r91800_c38.csv,SubspeciesEpithet,SpeciesEpithet,False,0.8261004660797514
t_biocase_identification_r91800_c38.csv,SubspeciesEpithet,AuthorTeamOriginalAndYear,False,0.9578175700036052
t_biocase_identification_r91800_c38.csv,SubspeciesEpithet,AuthorTeamParenthesisAndYear,False,0.8949476454769125
t_biocase_identification_r91800_c38.csv,SubspeciesEpithet,PreferredFlag,False,0.9871223890902814
t_biocase_identification_r91800_c38.csv,SubspeciesEpithet,Notes,False,1.0
t_biocase_identification_r91800_c38.csv,AuthorTeamOriginalAndYear,Subgenus,False,0.6813471502590673
t_biocase_identification_r91800_c38.csv,AuthorTeamOriginalAndYear,PreferredFlag,False,0.989163860008786
t_biocase_identification_r91800_c38.csv,AuthorTeamOriginalAndYear,Notes,False,0.7559523809523809
t_biocase_identification_r91800_c38.csv,AuthorTeamParenthesisAndYear,Subgenus,False,0.8058823529411765
t_biocase_identification_r91800_c38.csv,AuthorTeamParenthesisAndYear,PreferredFlag,False,0.992948317414978
t_biocase_identification_r91800_c38.csv,AuthorTeamParenthesisAndYear,Notes,False,0.926605504587156
t_biocase_identification_r91800_c38.csv,Notes,_timestamp,False,1.0
t_biocase_identification_r91800_c38.csv,Notes,ScientificName,False,0.9175627240143368
t_biocase_identification_r91800_c38.csv,Notes,FullScientificNameString,False,0.9175627240143368
t_biocase_identification_r91800_c38.csv,Notes,GenusOrMonomial,False,0.9605734767025088
t_biocase_identification_r91800_c38.csv,Notes,Subgenus,False,0.9655172413793104
t_biocase_identification_r91800_c38.csv,Notes,SpeciesEpithet,False,0.9175627240143368
t_biocase_identification_r91800_c38.csv,Notes,SubspeciesEpithet,False,0.9245283018867924
t_biocase_identification_r91800_c38.csv,Notes,AuthorTeamOriginalAndYear,False,0.9523809523809524
t_biocase_identification_r91800_c38.csv,Notes,AuthorTeamParenthesisAndYear,False,0.9724770642201834
t_biocase_identification_r91800_c38.csv,Notes,PreferredFlag,False,1.0
tax.csv,FNameString,GenderString,False,1.0
tax.csv,FNameString,MaritalStatusString,False,0.539868
tax.csv,FNameString,HasChildString,False,0.539941
tax.csv,FNameString,SingleExempInteger,False,0.635821
tax.csv,FNameString,MarriedExempInteger,False,0.637776
tax.csv,FNameString,ChildExempInteger,False,0.6361060000000001
tax.csv,LNameString,GenderString,False,0.714153
tax.csv,LNameString,MaritalStatusString,False,0.5401670000000001
tax.csv,LNameString,HasChildString,False,0.540179
tax.csv,LNameString,SingleExempInteger,False,0.635821
tax.csv,LNameString,MarriedExempInteger,False,0.637776
tax.csv,LNameString,ChildExempInteger,False,0.6361060000000001
tax.csv,GenderString,MaritalStatusString,False,0.501186
tax.csv,GenderString,HasChildString,False,0.501247
tax.csv,GenderString,SingleExempInteger,False,0.635821
tax.csv,GenderString,MarriedExempInteger,False,0.637776
tax.csv,GenderString,ChildExempInteger,False,0.6361060000000001
tax.csv,AreaCodeString,GenderString,False,0.505856
tax.csv,AreaCodeString,StateString,False,1.0
tax.csv,AreaCodeString,MaritalStatusString,False,0.514011
tax.csv,AreaCodeString,HasChildString,False,0.5139210000000001
tax.csv,AreaCodeString,RateDouble,False,0.743513685690655
tax.csv,AreaCodeString,SingleExempInteger,False,0.647546
tax.csv,AreaCodeString,MarriedExempInteger,False,0.647546
tax.csv,AreaCodeString,ChildExempInteger,False,0.647405
tax.csv,PhoneString,GenderString,False,0.549927
tax.csv,PhoneString,MaritalStatusString,False,0.549408
tax.csv,PhoneString,HasChildString,False,0.549391
tax.csv,PhoneString,SingleExempInteger,False,0.635821
tax.csv,PhoneString,MarriedExempInteger,False,0.637776
tax.csv,PhoneString,ChildExempInteger,False,0.6361060000000001
tax.csv,CityString,GenderString,False,0.5445439999999999
tax.csv,CityString,StateString,False,0.764833
tax.csv,CityString,ZipString,False,0.528922
tax.csv,CityString,MaritalStatusString,False,0.544961
tax.csv,CityString,HasChildString,False,0.545095
tax.csv,CityString,RateDouble,False,0.5973209669241224
tax.csv,CityString,SingleExempInteger,False,0.6578200000000001
tax.csv,CityString,MarriedExempInteger,False,0.6585909999999999
tax.csv,CityString,ChildExempInteger,False,0.659142
tax.csv,StateString,GenderString,False,0.503152
tax.csv,StateString,MaritalStatusString,False,0.5035149999999999
tax.csv,StateString,HasChildString,False,0.5036780000000001
tax.csv,StateString,RateDouble,False,0.743513685690655
tax.csv,StateString,SingleExempInteger,False,0.639249
tax.csv,StateString,MarriedExempInteger,False,0.639249
tax.csv,StateString,ChildExempInteger,False,0.639878
tax.csv,ZipString,GenderString,False,0.575617
tax.csv,ZipString,AreaCodeString,False,0.539453
tax.csv,ZipString,CityString,False,1.0
tax.csv,ZipString,StateString,False,1.0
tax.csv,ZipString,MaritalStatusString,False,0.5761879999999999
tax.csv,ZipString,HasChildString,False,0.576463
tax.csv,ZipString,RateDouble,False,0.7476260434657815
tax.csv,ZipString,SingleExempInteger,False,0.6925049999999999
tax.csv,ZipString,MarriedExempInteger,False,0.6925049999999999
tax.csv,ZipString,ChildExempInteger,False,0.694366
tax.csv,MaritalStatusString,GenderString,False,0.5021709999999999
tax.csv,MaritalStatusString,HasChildString,False,0.966079
tax.csv,MaritalStatusString,SingleExempInteger,False,0.635821
tax.csv,MaritalStatusString,MarriedExempInteger,False,0.637776
tax.csv,MaritalStatusString,ChildExempInteger,False,0.6361060000000001
tax.csv,HasChildString,GenderString,False,0.5021709999999999
tax.csv,HasChildString,MaritalStatusString,False,0.966079
tax.csv,HasChildString,SingleExempInteger,False,0.635821
tax.csv,HasChildString,MarriedExempInteger,False,0.637776
tax.csv,HasChildString,ChildExempInteger,False,0.6361060000000001
tax.csv,SalaryInteger,GenderString,False,0.510752
tax.csv,SalaryInteger,MaritalStatusString,False,0.5057590000000001
tax.csv,SalaryInteger,HasChildString,False,0.5056350000000001
tax.csv,SalaryInteger,SingleExempInteger,False,0.635821
tax.csv,SalaryInteger,MarriedExempInteger,False,0.637776
tax.csv,SalaryInteger,ChildExempInteger,False,0.6361060000000001
tax.csv,RateDouble,GenderString,False,0.5120905518780134
tax.csv,RateDouble,StateString,False,0.6636617385712558
tax.csv,RateDouble,MaritalStatusString,False,0.5111694717440418
tax.csv,RateDouble,HasChildString,False,0.5113254853172227
tax.csv,RateDouble,SingleExempInteger,False,0.6456451711298883
tax.csv,RateDouble,MarriedExempInteger,False,0.646896279976358
tax.csv,RateDouble,ChildExempInteger,False,0.646717264402003
tax.csv,SingleExempInteger,GenderString,False,0.502462
tax.csv,SingleExempInteger,MaritalStatusString,False,0.862993
tax.csv,SingleExempInteger,HasChildString,False,0.838342
tax.csv,SingleExempInteger,MarriedExempInteger,False,0.637776
tax.csv,SingleExempInteger,ChildExempInteger,False,0.950863
tax.csv,MarriedExempInteger,GenderString,False,0.502819
tax.csv,MarriedExempInteger,MaritalStatusString,False,0.86341
tax.csv,MarriedExempInteger,HasChildString,False,0.838789
tax.csv,MarriedExempInteger,SingleExempInteger,False,0.635821
tax.csv,MarriedExempInteger,ChildExempInteger,False,0.6361060000000001
tax.csv,ChildExempInteger,GenderString,False,0.502408
tax.csv,ChildExempInteger,MaritalStatusString,False,0.83797
tax.csv,ChildExempInteger,HasChildString,False,0.8626469999999999
tax.csv,ChildExempInteger,SingleExempInteger,False,0.928942
tax.csv,ChildExempInteger,MarriedExempInteger,False,0.637776
